id_venta;producto;cantidad;precio_unitario;fecha_venta;region
1001;Snacks;5530; 152,58 € ;30/11/2020;Norte
1002;Cárnicos;994; 421,89 € ;28/01/2020;Centro
1003;Cereales;6845; 205,70 € ;21/11/2020;Norte
1004;Frutas;9806; 9,33 € ;02/10/2021;Sur
1005;Alimento infantil;3633; 255,28 € ;12/11/2022;Norte
1006;Bebida;4110; 47,45 € ;21/02/2022;Centro
1007;Snacks;4056; 152,58 € ;27/02/2022;Sur
1008;Cosméticos;8319; 437,20 € ;07/05/2020;Norte
1009;Cuidado personal;0; 81,73 € ;01/04/2021;Centro
1010;;9347; 651,21 € ;12/07/2021;Sur
1011;Cosméticos;966; 437,20 € ;30/08/2022;Norte
1012;Snacks;6609; 152,58 € ;05/06/2020;Sur
1013;Bebida;6281; 47,45 € ;22/05/2021;Norte
1014;Verduras;2018; 154,06 € ;25/12/2020;Centro
1015;Frutas;2888; 9,33 € ;17/11/2021;Sur
1016;Cuidado personal;9989; 81,73 € ;18/11/2021;Norte
1017;Cosméticos;1451; 437,20 € ;30/04/2020;Centro
1018;Snacks;7436; 152,58 € ;04/11/2022;Sur
1019;Material de oficina;5135; 651,21 € ;22/07/2022;Centro
1020;Material de oficina;3772; 651,21 € ;21/06/2021;Sur
1021;Cuidado personal;9602; 81,73 € ;05/09/2020;Norte
1022;Cosméticos;912; 437,20 € ;25/07/2021;Centro
1023;Snacks;3019; 152,58 € ;04/08/2021;Sur
1024;Ropa;3270; 109,28 € ;21/10/2021;Sur
1025;Verduras;; 154,06 € ;29/11/2021;Norte
1026;Cuidado personal;7761; 81,73 € ;12/03/2022;Centro
1027;Ropa;1852; 109,28 € ;05/08/2021;Sur
1028;Ropa;3797; 109,28 € ;11/10/2022;Centro
1029;Doméstico;6098; 668,27 € ;16/03/2021;Oeste
1030;Cosméticos;3293; 437,20 € ;08/10/2021;Sur
1031;Verduras;6948; 154,06 € ;09/03/2022;Norte
1032;Cuidado personal;663; 81,73 € ;02/01/2021;Centro
1033;Ropa;; 109,28 € ;09/01/2021;Sur
1034;Frutas;2822; 9,33 € ;08/10/2022;Centro
1035;Ropa;3619; 109,28 € ;24/05/2020;Norte
1036;Cárnicos;9183; 421,89 € ;15/12/2021;Sur
1037;Bebida;8268; 47,45 € ;28/12/2020;Norte
1038;Cereales;1660; 205,70 € ;12/05/2022;Centro
1039;Verduras;7177; 154,06 € ;31/05/2021;Sur
1040;Doméstico;4668; 668,27 € ;01/09/2022;Norte
1041;Frutas;1011; 9,33 € ;31/12/2020;Centro
1042;Ropa;5120; 109,28 € ;27/09/2022;Sur
1043;Frutas;2935; 9,33 € ;02/06/2022;Oeste
1044;Material de oficina;2430; 651,21 € ;22/11/2022;
1045;Cereales;8611; 205,70 € ;28/08/2020;Oeste
1046;Cuidado personal;8513; 81,73 € ;28/01/2021;
1047;Ropa;6205; 109,28 € ;19/11/2022;
1048;Bebida;7783; 47,45 € ;09/02/2022;
1049;Cárnicos;6379; 421,89 € ;21/09/2022;
1050;Ropa;7154; 109,28 € ;16/09/2022;Norte
1051;Cereales;2299; 205,70 € ;13/09/2022;Centro
1052;Verduras;6039; 154,06 € ;07/05/2020;Norte
1053;Bebida;9628; 47,45 € ;12/12/2020;Sur
1054;Cárnicos;6353; 421,89 € ;03/09/2021;Norte
1055;Verduras;6531; 154,06 € ;17/08/2021;Centro
1056;Bebida;2510; 47,45 € ;08/12/2022;Sur
1057;Verduras;3671; 154,06 € ;31/01/2021;Norte
1058;Cereales;1424; 205,70 € ;30/07/2020;Centro
1059;Ropa;4212; 109,28 € ;18/02/2022;Sur
1060;Alimento infantil;2509; 255,28 € ;01/12/2020;
1061;Cosméticos;3819; 437,20 € ;11/08/2022;Oeste
1062;Cuidado personal;7679; 81,73 € ;23/11/2021;
1063;Doméstico;656; 668,27 € ;11/02/2021;
1064;Cuidado personal;1348; 81,73 € ;05/10/2022;Oeste
1065;Cárnicos;5386; 421,89 € ;23/07/2022;
1066;Verduras;431; 154,06 € ;01/09/2022;Norte
1067;Frutas;1174; 9,33 € ;08/03/2021;Centro
1068;Alimento infantil;4340; 255,28 € ;12/05/2022;Norte
1069;Cuidado personal;3684; 81,73 € ;06/09/2020;Sur
1070;Cuidado personal;4991; 81,73 € ;03/07/2022;Norte
1071;Doméstico;1080; 668,27 € ;03/02/2022;Centro
1072;Cárnicos;6798; 421,89 € ;02/05/2022;Sur
1073;Doméstico;4025; 668,27 € ;05/03/2022;Norte
1074;Material de oficina;6674; 651,21 € ;17/04/2021;Centro
1075;Frutas;5685; 9,33 € ;27/09/2020;Sur
1076;Verduras;4033; 154,06 € ;05/06/2022;
1077;Bebida;1723; 47,45 € ;08/05/2021;
1078;Cosméticos;790; 437,20 € ;16/05/2021;
1079;Cereales;303; 205,70 € ;06/08/2022;
1080;Cuidado personal;; 81,73 € ;17/07/2022;
1081;Doméstico;2089; 668,27 € ;05/09/2020;
1082;Alimento infantil;2653; 255,28 € ;22/08/2022;
1083;Material de oficina;245; 651,21 € ;22/07/2021;Norte
1084;Cárnicos;4087; 421,89 € ;21/02/2022;Centro
1085;Alimento infantil;435; 255,28 € ;12/10/2022;Norte
1086;Cosméticos;7575; 437,20 € ;27/12/2021;Sur
1087;Cuidado personal;824; 81,73 € ;25/03/2020;Norte
1088;Material de oficina;7531; 651,21 € ;18/02/2021;Centro
1089;Cosméticos;2075; 437,20 € ;18/07/2021;Sur
1090;Snacks;869; 152,58 € ;19/11/2021;Norte
1091;Doméstico;7353; 668,27 € ;28/03/2021;Centro
1092;Cárnicos;7003; 421,89 € ;25/12/2021;Sur
1093;Material de oficina;2322; 651,21 € ;02/08/2022;Poniente
1094;Frutas;7846; 9,33 € ;25/03/2022;
1095;Bebida;5145; 47,45 € ;20/06/2021;Poniente
1096;Bebida;7815; 47,45 € ;02/08/2021;
1097;Alimento infantil;6486; 255,28 € ;19/10/2022;
1098;Doméstico;3821; 668,27 € ;19/08/2022;Centro
1099;Cuidado personal;9511; 81,73 € ;04/09/2020;Sur
1100;Snacks;5279; 152,58 € ;10/09/2022;Poniente
1101;Cereales;9882; 205,70 € ;28/08/2021;Poniente
1102;Verduras;4104; 154,06 € ;06/11/2022;
1103;Snacks;5764; 152,58 € ;24/06/2021;
1104;Doméstico;4709; 668,27 € ;23/01/2022;
1105;Bebida;7821; 47,45 € ;20/01/2022;Poniente
1106;Verduras;4009; 154,06 € ;18/08/2022;
1107;Alimento infantil;9217; 255,28 € ;16/08/2020;
1108;Cárnicos;1417; 421,89 € ;01/03/2022;Norte
1109;Doméstico;5616; 668,27 € ;29/09/2020;Centro
1110;Alimento infantil;8848; 255,28 € ;26/09/2021;Norte
1111;Cosméticos;5182; 437,20 € ;14/11/2020;Sur
1112;Cárnicos;716; 421,89 € ;23/11/2022;Norte
1113;Cuidado personal;8579; 81,73 € ;15/03/2020;Centro
1114;Cárnicos;3934; 421,89 € ;21/08/2022;Sur
1115;Doméstico;8972; 668,27 € ;09/09/2021;Norte
1116;Alimento infantil;7917; 255,28 € ;23/02/2021;Centro
1117;Bebida;2024; 47,45 € ;26/04/2020;Sur
1118;Cereales;4578; 205,70 € ;23/03/2022;
1119;Cuidado personal;5899; 81,73 € ;03/04/2020;Centro
1120;Frutas;8333; 9,33 € ;03/04/2022;Sur
1121;Snacks;1261; 152,58 € ;05/11/2020;Poniente
1122;Bebida;6095; 47,45 € ;24/05/2020;
1123;Frutas;1276; 9,33 € ;26/11/2021;
1124;Frutas;7277; 9,33 € ;02/04/2020;Norte
1125;Cárnicos;1605; 421,89 € ;07/04/2021;Centro
1126;Frutas;3795; 9,33 € ;15/08/2022;Norte
1127;Bebida;415; 47,45 € ;10/07/2020;Sur
1128;Cárnicos;62; 421,89 € ;11/08/2020;Norte
1129;Verduras;8367; 154,06 € ;08/08/2021;Centro
1130;Verduras;2992; 154,06 € ;29/08/2022;Sur
1131;Doméstico;8628; 668,27 € ;25/09/2021;Norte
1132;Alimento infantil;1999; 255,28 € ;24/03/2020;Centro
1133;Material de oficina;6861; 651,21 € ;24/06/2021;Sur
1134;Verduras;8998; 154,06 € ;05/04/2020;Norte
1135;Ropa;1229; 109,28 € ;14/04/2022;Centro
1136;Cereales;8402; 205,70 € ;18/09/2021;Sur
1137;Bebida;; 47,45 € ;01/07/2020;Norte
1138;Cuidado personal;7126; 81,73 € ;05/03/2021;Centro
1139;Cárnicos;3530; 421,89 € ;07/12/2021;Sur
1140;Bebida;4583; 47,45 € ;28/10/2021;Norte
1141;Cosméticos;290; 437,20 € ;25/07/2021;Sur
1142;Cereales;2687; 205,70 € ;09/01/2022;Norte
1143;Cereales;842; 205,70 € ;27/07/2020;Centro
1144;Ropa;5854; 109,28 € ;15/06/2020;Sur
1145;Frutas;5851; 9,33 € ;22/02/2021;Norte
1146;Frutas;996; 9,33 € ;22/07/2022;Centro
1147;Cuidado personal;8480; 81,73 € ;13/07/2020;Sur
1148;Snacks;7527; 152,58 € ;29/01/2020;
1149;Cuidado personal;4393; 81,73 € ;12/04/2022;Norte
1150;Frutas;7363; 9,33 € ;01/09/2022;Centro
1151;Material de oficina;1755; 651,21 € ;05/11/2021;Norte
1152;Frutas;4917; 9,33 € ;10/06/2020;Sur
1153;Frutas;1229; 9,33 € ;07/06/2021;Norte
1154;Frutas;7102; 9,33 € ;31/10/2021;Centro
1155;Doméstico;5979; 668,27 € ;18/02/2021;Sur
1156;Material de oficina;3333; 651,21 € ;12/06/2021;Norte
1157;Material de oficina;1670; 651,21 € ;14/05/2021;Centro
1158;Cuidado personal;5525; 81,73 € ;10/12/2022;Sur
1159;Doméstico;6466; 668,27 € ;03/01/2021;
1160;Material de oficina;8091; 651,21 € ;25/07/2022;
1161;Material de oficina;1030; 651,21 € ;21/12/2021;Norte
1162;Verduras;7945; 154,06 € ;11/08/2022;Centro
1163;Cárnicos;8527; 421,89 € ;20/03/2021;Norte
1164;Material de oficina;4501; 651,21 € ;08/09/2020;Sur
1165;Cárnicos;4621; 421,89 € ;20/09/2022;Norte
1166;Ropa;9673; 109,28 € ;25/09/2020;Centro
1167;Cárnicos;7476; 421,89 € ;29/08/2021;Sur
1168;Snacks;7876; 152,58 € ;07/06/2021;Norte
1169;Ropa;7755; 109,28 € ;05/07/2020;Centro
1170;Cereales;6024; 205,70 € ;23/08/2022;Sur
1171;Snacks;8624; 152,58 € ;12/12/2021;
1172;Doméstico;3529; 668,27 € ;09/09/2021;Norte
1173;Material de oficina;5745; 651,21 € ;13/12/2020;Centro
1174;Cuidado personal;2308; 81,73 € ;17/05/2022;Norte
1175;Ropa;7284; 109,28 € ;01/11/2021;Sur
1176;Verduras;6773; 154,06 € ;09/12/2020;Norte
1177;Snacks;3904; 152,58 € ;19/10/2020;Centro
1178;Material de oficina;3839; 651,21 € ;06/09/2022;Sur
1179;Material de oficina;8769; 651,21 € ;07/12/2020;Norte
1180;Bebida;2919; 47,45 € ;25/01/2022;Centro
1181;Cereales;7544; 205,70 € ;31/08/2022;Sur
1182;Ropa;5929; 109,28 € ;05/03/2020;
1183;Cereales;8392; 205,70 € ;01/01/2022;Centro
1184;Doméstico;7281; 668,27 € ;09/09/2021;Sur
1185;Material de oficina;1977; 651,21 € ;22/09/2020;Poniente
1186;Bebida;3890; 47,45 € ;21/06/2020;
1187;Bebida;1464; 47,45 € ;16/10/2021;Norte
1188;Snacks;5171; 152,58 € ;25/07/2022;Centro
1189;Cereales;; 205,70 € ;04/03/2020;Norte
1190;Cosméticos;3036; 437,20 € ;18/06/2020;Sur
1191;Frutas;3298; 9,33 € ;20/01/2020;Norte
1192;Cuidado personal;1901; 81,73 € ;31/07/2021;Centro
1193;Verduras;4474; 154,06 € ;06/10/2020;Sur
1194;Cárnicos;8678; 421,89 € ;17/08/2022;Norte
1195;Frutas;9207; 9,33 € ;27/05/2022;Centro
1196;Cosméticos;2783; 437,20 € ;19/03/2021;Sur
1197;Verduras;3162; 154,06 € ;13/07/2022;Norte
1198;Material de oficina;6130; 651,21 € ;18/02/2021;Centro
1199;Cereales;4503; 205,70 € ;06/08/2022;Sur
1200;Snacks;3131; 152,58 € ;20/03/2021;Norte
1201;Verduras;3894; 154,06 € ;11/12/2021;Centro
1202;Bebida;703; 47,45 € ;25/04/2021;Sur
1203;Alimento infantil;4499; 255,28 € ;10/07/2020;Norte
1204;Ropa;8257; 109,28 € ;25/06/2021;Centro
1205;Cárnicos;1982; 421,89 € ;24/11/2021;Sur
1206;Frutas;7710; 9,33 € ;15/10/2022;Norte
1207;Frutas;4507; 9,33 € ;30/08/2021;Centro
1208;Cosméticos;3474; 437,20 € ;27/06/2021;Sur
1209;Cereales;2739; 205,70 € ;15/11/2021;
1210;Ropa;2463; 109,28 € ;24/09/2022;
1211;Alimento infantil;9840; 255,28 € ;05/10/2022;Norte
1212;Frutas;4093; 9,33 € ;14/02/2021;Centro
1213;Verduras;1476; 154,06 € ;23/11/2021;Norte
1214;Cuidado personal;276; 81,73 € ;10/08/2020;Sur
1215;Cárnicos;5810; 421,89 € ;20/09/2020;Norte
1216;Verduras;5427; 154,06 € ;23/02/2020;Centro
1217;Material de oficina;3507; 651,21 € ;10/06/2021;Sur
1218;Bebida;6460; 47,45 € ;13/01/2022;Norte
1219;Alimento infantil;7730; 255,28 € ;04/01/2021;Centro
1220;Cárnicos;2789; 421,89 € ;10/01/2021;Sur
1221;Cuidado personal;4144; 81,73 € ;29/05/2020;
1222;Alimento infantil;6329; 255,28 € ;29/11/2020;Centro
1223;Doméstico;912; 668,27 € ;30/08/2020;Sur
1224;Cereales;1492; 205,70 € ;29/08/2020;Poniente
1225;Cereales;8699; 205,70 € ;05/04/2021;Norte
1226;Cereales;5193; 205,70 € ;15/09/2022;Centro
1227;Doméstico;668; 668,27 € ;05/01/2022;Norte
1228;Cosméticos;6847; 437,20 € ;19/10/2021;Sur
1229;Cereales;2485; 205,70 € ;25/11/2020;Norte
1230;Verduras;8367; 154,06 € ;05/08/2021;Centro
1231;Material de oficina;2312; 651,21 € ;04/02/2022;Sur
1232;Cosméticos;4168; 437,20 € ;22/01/2021;Norte
1233;Ropa;815; 109,28 € ;10/12/2021;Centro
1234;Alimento infantil;1163; 255,28 € ;09/10/2022;Sur
1235;Bebida;1156; 47,45 € ;12/07/2020;
1236;Cereales;8767; 205,70 € ;02/05/2021;Centro
1237;Material de oficina;9000; 651,21 € ;31/05/2021;Sur
1238;Verduras;8893; 154,06 € ;30/05/2020;Poniente
1239;Cárnicos;2512; 421,89 € ;30/11/2022;
1240;Verduras;5955; 154,06 € ;05/02/2022;
1241;Frutas;; 9,33 € ;26/08/2021;Norte
1242;Cárnicos;6869; 421,89 € ;04/11/2022;Centro
1243;Verduras;1692; 154,06 € ;18/04/2020;Norte
1244;Bebida;1047; 47,45 € ;30/03/2020;Sur
1245;Material de oficina;6189; 651,21 € ;30/05/2022;Norte
1246;Doméstico;404; 668,27 € ;06/02/2021;Centro
1247;Ropa;4010; 109,28 € ;02/01/2021;Sur
1248;Frutas;9354; 9,33 € ;20/05/2021;Norte
1249;Frutas;5818; 9,33 € ;20/09/2020;Centro
1250;Cosméticos;4811; 437,20 € ;31/08/2020;Sur
1251;Snacks;4777; 152,58 € ;17/10/2021;
1252;Cárnicos;6189; 421,89 € ;10/04/2022;Centro
1253;Bebida;6552; 47,45 € ;22/01/2022;Sur
1254;Cosméticos;5402; 437,20 € ;04/06/2021;Poniente
1255;Snacks;9307; 152,58 € ;12/09/2022;Centro
1256;Snacks;6864; 152,58 € ;30/08/2022;Norte
1257;Cuidado personal;3705; 81,73 € ;08/03/2020;Sur
1258;Bebida;7490; 47,45 € ;07/11/2022;Norte
1259;Alimento infantil;2911; 255,28 € ;30/04/2020;Centro
1260;Cárnicos;6692; 421,89 € ;24/04/2022;Sur
1261;Cárnicos;2589; 421,89 € ;03/11/2020;Norte
1262;Cuidado personal;6386; 81,73 € ;14/02/2022;Centro
1263;Cárnicos;903; 421,89 € ;01/03/2020;Sur
1264;Ropa;986; 109,28 € ;21/12/2020;
1265;Bebida;8516; 47,45 € ;23/08/2020;Norte
1266;Material de oficina;7405; 651,21 € ;28/07/2021;Centro
1267;Doméstico;8594; 668,27 € ;03/02/2022;Norte
1268;Ropa;5057; 109,28 € ;11/02/2021;Sur
1269;Cereales;6799; 205,70 € ;08/05/2022;Norte
1270;Doméstico;5857; 668,27 € ;15/12/2020;Centro
1271;Cuidado personal;1297; 81,73 € ;14/11/2022;Sur
1272;Ropa;4219; 109,28 € ;21/08/2022;Norte
1273;Cosméticos;2751; 437,20 € ;18/09/2022;Centro
1274;Material de oficina;7056; 651,21 € ;28/02/2020;Sur
1275;Cárnicos;4325; 421,89 € ;10/02/2022;
1276;Bebida;3783; 47,45 € ;16/04/2022;
1277;Verduras;1684; 154,06 € ;18/08/2021;Norte
1278;Cereales;6314; 205,70 € ;29/08/2021;Centro
1279;Ropa;2991; 109,28 € ;18/09/2022;Norte
1280;Cuidado personal;9063; 81,73 € ;07/09/2022;Sur
1281;Snacks;8910; 152,58 € ;26/07/2021;Norte
1282;Ropa;8943; 109,28 € ;11/05/2022;Centro
1283;Material de oficina;2606; 651,21 € ;14/04/2021;Sur
1284;Snacks;5370; 152,58 € ;21/09/2020;Norte
1285;Alimento infantil;9742; 255,28 € ;13/04/2022;Centro
1286;Doméstico;257; 668,27 € ;31/12/2021;Sur
1287;Ropa;8483; 109,28 € ;08/06/2020;
1288;Bebida;8018; 47,45 € ;15/11/2021;Centro
1289;Bebida;9493; 47,45 € ;01/09/2020;Sur
1290;Cereales;5567; 205,70 € ;14/03/2020;Poniente
1291;Cereales;5935; 205,70 € ;26/01/2020;
1292;Cosméticos;; 437,20 € ;03/03/2020;Norte
1293;Snacks;3474; 152,58 € ;14/03/2022;Centro
1294;Cosméticos;187; 437,20 € ;29/07/2022;Norte
1295;Material de oficina;274; 651,21 € ;27/08/2022;Sur
1296;Doméstico;3585; 668,27 € ;11/12/2020;Norte
1297;Alimento infantil;6999; 255,28 € ;08/10/2020;Centro
1298;Cosméticos;9428; 437,20 € ;19/04/2020;Sur
1299;Cosméticos;6813; 437,20 € ;23/03/2022;Norte
1300;Doméstico;7129; 668,27 € ;05/02/2021;Centro
1301;Cuidado personal;5380; 81,73 € ;28/12/2021;Sur
1302;Frutas;8602; 9,33 € ;24/07/2021;Norte
1303;Material de oficina;864; 651,21 € ;24/05/2021;Centro
1304;Cárnicos;8263; 421,89 € ;08/07/2020;Sur
1305;Snacks;3929; 152,58 € ;15/08/2022;Norte
1306;Ropa;3024; 109,28 € ;26/05/2020;Centro
1307;Cárnicos;7740; 421,89 € ;21/08/2022;Sur
1308;Cosméticos;2300; 437,20 € ;16/07/2021;
1309;Alimento infantil;7960; 255,28 € ;30/05/2022;
1310;Ropa;8005; 109,28 € ;15/04/2022;Norte
1311;Cuidado personal;2753; 81,73 € ;16/02/2020;Centro
1312;Cereales;4552; 205,70 € ;11/03/2021;Norte
1313;Frutas;2783; 9,33 € ;22/12/2020;Sur
1314;Cuidado personal;8857; 81,73 € ;11/02/2021;Norte
1315;Snacks;1215; 152,58 € ;13/03/2022;Centro
1316;Material de oficina;333; 651,21 € ;28/03/2022;Sur
1317;Snacks;3713; 152,58 € ;16/03/2021;Norte
1318;Material de oficina;893; 651,21 € ;02/07/2022;Centro
1319;Cuidado personal;8440; 81,73 € ;07/08/2022;Sur
1320;Verduras;4953; 154,06 € ;23/02/2021;
1321;Alimento infantil;6061; 255,28 € ;20/09/2022;
1322;Cárnicos;9426; 421,89 € ;22/06/2020;Norte
1323;Bebida;9740; 47,45 € ;17/05/2021;Centro
1324;Cereales;3726; 205,70 € ;23/10/2020;Norte
1325;Bebida;5140; 47,45 € ;15/02/2022;Sur
1326;Alimento infantil;9768; 255,28 € ;16/05/2020;Norte
1327;Cosméticos;427; 437,20 € ;06/11/2020;Centro
1328;Snacks;1965; 152,58 € ;06/11/2020;Sur
1329;Ropa;6263; 109,28 € ;27/04/2022;Norte
1330;Cosméticos;7232; 437,20 € ;12/12/2021;Centro
1331;Cárnicos;5813; 421,89 € ;02/12/2020;Sur
1332;Bebida;4982; 47,45 € ;22/02/2021;Norte
1333;Snacks;4742; 152,58 € ;14/03/2020;Centro
1334;Cosméticos;7129; 437,20 € ;03/02/2022;Norte
1335;Cereales;1212; 205,70 € ;04/05/2021;Sur
1336;Cárnicos;8088; 421,89 € ;08/03/2021;Norte
1337;Verduras;5889; 154,06 € ;15/12/2020;Centro
1338;Verduras;4773; 154,06 € ;25/07/2020;Sur
1339;Frutas;1935; 9,33 € ;20/09/2021;Norte
1340;Ropa;6598; 109,28 € ;07/11/2020;Centro
1341;Cárnicos;5017; 421,89 € ;14/08/2021;Sur
1342;Ropa;5477; 109,28 € ;01/11/2022;Norte
1343;Cosméticos;3296; 437,20 € ;17/12/2021;Centro
1344;Alimento infantil;5823; 255,28 € ;17/08/2022;Norte
1345;Cárnicos;7438; 421,89 € ;12/12/2021;Sur
1346;Ropa;4552; 109,28 € ;18/10/2022;Norte
1347;Cereales;606; 205,70 € ;03/09/2021;Centro
1348;Verduras;1076; 154,06 € ;05/09/2020;Sur
1349;Cárnicos;8465; 421,89 € ;22/07/2021;Norte
1350;Cárnicos;7311; 421,89 € ;06/05/2020;Centro
1351;Cosméticos;9179; 437,20 € ;20/06/2020;Sur
1352;Alimento infantil;; 255,28 € ;25/06/2020;Norte
1353;Bebida;3411; 47,45 € ;01/05/2020;Centro
1354;Frutas;9066; 9,33 € ;23/10/2020;Sur
1355;Cuidado personal;4326; 81,73 € ;29/03/2021;Centro
1356;Frutas;915; 9,33 € ;08/07/2021;Sur
1357;Ropa;7588; 109,28 € ;03/10/2020;Poniente
1358;Cereales;5131; 205,70 € ;15/12/2020;
1359;Doméstico;1361; 668,27 € ;10/08/2020;Sur
1360;Verduras;6127; 154,06 € ;13/12/2020;Norte
1361;Verduras;6308; 154,06 € ;30/07/2022;Centro
1362;Material de oficina;817; 651,21 € ;20/10/2020;Sur
1363;Cuidado personal;5595; 81,73 € ;06/03/2021;Norte
1364;Cárnicos;8616; 421,89 € ;11/02/2021;Centro
1365;Bebida;4885; 47,45 € ;09/09/2022;Sur
1366;Material de oficina;1437; 651,21 € ;30/10/2022;Centro
1367;Cuidado personal;2341; 81,73 € ;06/11/2022;Sur
1368;Snacks;3695; 152,58 € ;29/11/2021;Poniente
1369;Doméstico;8629; 668,27 € ;07/11/2020;
1370;Cosméticos;2304; 437,20 € ;08/12/2020;
1371;Snacks;6912; 152,58 € ;16/05/2022;Sur
1372;Doméstico;6678; 668,27 € ;03/02/2020;Norte
1373;Ropa;2855; 109,28 € ;23/05/2022;Centro
1374;Cereales;8730; 205,70 € ;03/08/2020;Sur
1375;Cuidado personal;4621; 81,73 € ;13/05/2022;Norte
1376;Cereales;2875; 205,70 € ;05/04/2021;Centro
1377;Cárnicos;2874; 421,89 € ;27/06/2021;Sur
1378;Cosméticos;6028; 437,20 € ;07/09/2021;Centro
1379;Cereales;779; 205,70 € ;29/07/2022;Sur
1380;Cárnicos;7601; 421,89 € ;08/03/2022;Poniente
1381;Alimento infantil;3999; 255,28 € ;11/08/2020;Sur
1382;Snacks;9509; 152,58 € ;22/12/2020;Norte
1383;Cárnicos;699; 421,89 € ;04/10/2022;Centro
1384;Alimento infantil;6167; 255,28 € ;09/08/2022;Sur
1385;Cuidado personal;1543; 81,73 € ;16/05/2022;Sur
1386;Frutas;4487; 9,33 € ;28/01/2021;Norte
1387;Cereales;9694; 205,70 € ;15/07/2022;Centro
1388;Snacks;3885; 152,58 € ;15/04/2022;Sur
1389;Material de oficina;817; 651,21 € ;22/10/2020;Norte
1390;Cuidado personal;6275; 81,73 € ;27/09/2021;Centro
1391;Alimento infantil;3076; 255,28 € ;26/08/2021;Sur
1392;Cosméticos;; 437,20 € ;23/12/2020;Norte
1393;Ropa;7135; 109,28 € ;25/05/2021;Sur
1394;Cereales;184; 205,70 € ;31/07/2022;Norte
1395;Cárnicos;6158; 421,89 € ;11/11/2022;Centro
1396;Verduras;8031; 154,06 € ;25/02/2021;Sur
1397;Ropa;5809; 109,28 € ;09/01/2021;Norte
1398;Bebida;1527; 47,45 € ;20/08/2020;Centro
1399;Snacks;4252; 152,58 € ;25/01/2020;Sur
1400;Material de oficina;5083; 651,21 € ;15/09/2022;
1401;Ropa;2151; 109,28 € ;04/03/2022;
1402;Verduras;5616; 154,06 € ;25/03/2021;Norte
1403;Frutas;2671; 9,33 € ;03/08/2021;Centro
1404;Snacks;2538; 152,58 € ;23/05/2022;Norte
1405;Snacks;1474; 152,58 € ;13/11/2021;Sur
1406;Doméstico;7765; 668,27 € ;29/05/2021;Norte
1407;Snacks;6727; 152,58 € ;20/06/2021;Centro
1408;Cuidado personal;5709; 81,73 € ;27/10/2022;Sur
1409;Frutas;9091; 9,33 € ;14/06/2022;Norte
1410;Bebida;3285; 47,45 € ;20/08/2020;Centro
1411;Bebida;1732; 47,45 € ;07/03/2022;Sur
1412;Alimento infantil;9907; 255,28 € ;21/11/2020;
1413;Frutas;314; 9,33 € ;01/02/2021;
1414;Cárnicos;7489; 421,89 € ;01/09/2021;
1415;Doméstico;3000; 668,27 € ;03/10/2020;Norte
1416;Frutas;445; 9,33 € ;27/01/2022;Centro
1417;Cereales;455; 205,70 € ;03/04/2020;Norte
1418;Cuidado personal;5690; 81,73 € ;27/05/2021;Sur
1419;Verduras;5843; 154,06 € ;13/07/2022;Norte
1420;Cuidado personal;2637; 81,73 € ;06/04/2020;Centro
1421;Bebida;4827; 47,45 € ;06/06/2022;Sur
1422;Verduras;3200; 154,06 € ;13/06/2022;Norte
1423;Cereales;5572; 205,70 € ;16/07/2021;Centro
1424;Frutas;1793; 9,33 € ;26/01/2021;Sur
1425;Bebida;8743; 47,45 € ;12/10/2021;Norte
1426;Bebida;5331; 47,45 € ;25/07/2021;Centro
1427;Frutas;7502; 9,33 € ;23/05/2020;Norte
1428;Material de oficina;3228; 651,21 € ;03/04/2021;Sur
1429;Material de oficina;7514; 651,21 € ;15/10/2020;Norte
1430;Ropa;7397; 109,28 € ;11/05/2021;Centro
1431;Bebida;6944; 47,45 € ;13/09/2021;Sur
1432;Verduras;2253; 154,06 € ;14/09/2020;Norte
1433;Cuidado personal;6454; 81,73 € ;14/03/2022;Centro
1434;Snacks;4709; 152,58 € ;03/08/2021;Sur
1435;Verduras;9210; 154,06 € ;24/03/2022;Sur
1436;Frutas;4180; 9,33 € ;04/10/2021;Norte
1437;Doméstico;875; 668,27 € ;18/08/2022;Centro
1438;Cárnicos;2580; 421,89 € ;23/02/2022;Sur
1439;Snacks;9614; 152,58 € ;09/11/2021;Norte
1440;Verduras;4323; 154,06 € ;03/08/2021;Centro
1441;Snacks;6090; 152,58 € ;12/02/2022;Sur
1442;Alimento infantil;6323; 255,28 € ;05/07/2022;Centro
1443;Cárnicos;; 421,89 € ;08/05/2020;Sur
1444;Ropa;7994; 109,28 € ;10/07/2022;Poniente
1445;Verduras;7410; 154,06 € ;17/02/2020;Sur
1446;Cárnicos;1250; 421,89 € ;05/06/2022;Norte
1447;Cuidado personal;6083; 81,73 € ;06/03/2020;Centro
1448;Snacks;505; 152,58 € ;19/06/2021;Sur
1449;Verduras;149; 154,06 € ;14/04/2022;
1450;Cosméticos;2674; 437,20 € ;07/12/2021;Norte
1451;Verduras;2773; 154,06 € ;03/02/2021;Centro
1452;Ropa;7169; 109,28 € ;28/02/2021;Norte
1453;Cosméticos;9619; 437,20 € ;11/08/2022;Sur
1454;Verduras;5906; 154,06 € ;13/05/2020;Norte
1455;Alimento infantil;8850; 255,28 € ;16/09/2022;Centro
1456;Doméstico;3299; 668,27 € ;24/03/2021;Sur
1457;Bebida;1132; 47,45 € ;24/09/2020;Norte
1458;Cosméticos;6261; 437,20 € ;11/08/2020;Centro
1459;Ropa;9627; 109,28 € ;15/03/2022;Sur
1460;Bebida;4206; 47,45 € ;02/06/2021;
1461;Bebida;1; 47,45 € ;09/02/2022;
1462;Snacks;9049; 152,58 € ;24/02/2022;Norte
1463;Ropa;417; 109,28 € ;26/11/2021;Centro
1464;Cuidado personal;5203; 81,73 € ;28/06/2021;Norte
1465;Verduras;1539; 154,06 € ;14/10/2020;Sur
1466;Cuidado personal;9584; 81,73 € ;25/02/2022;Norte
1467;Verduras;6531; 154,06 € ;27/07/2021;Centro
1468;Alimento infantil;1604; 255,28 € ;10/03/2021;Sur
1469;Verduras;1057; 154,06 € ;04/02/2022;Norte
1470;Doméstico;3178; 668,27 € ;14/12/2022;Centro
1471;Doméstico;3282; 668,27 € ;03/02/2021;Sur
1472;Verduras;8719; 154,06 € ;11/04/2020;
1473;Frutas;3869; 9,33 € ;06/05/2020;Norte
1474;Verduras;5143; 154,06 € ;13/06/2021;Sur
1475;Bebida;5983; 47,45 € ;12/12/2022;Norte
1476;Snacks;1863; 152,58 € ;22/03/2021;Centro
1477;Cosméticos;5287; 437,20 € ;25/09/2020;Sur
1478;Ropa;793; 109,28 € ;22/05/2020;Norte
1479;Verduras;9946; 154,06 € ;08/01/2021;Centro
1480;Doméstico;6347; 668,27 € ;01/12/2020;Sur
1481;Material de oficina;624; 651,21 € ;18/04/2020;
1482;Cereales;5439; 205,70 € ;22/05/2022;Norte
1483;Frutas;484; 9,33 € ;29/01/2021;Sur
1484;Cereales;7483; 205,70 € ;15/02/2022;Norte
1485;Frutas;5191; 9,33 € ;11/05/2021;Centro
1486;Doméstico;4394; 668,27 € ;15/03/2021;Sur
1487;Ropa;2909; 109,28 € ;02/08/2022;Norte
1488;Verduras;585; 154,06 € ;13/06/2021;Centro
1489;Ropa;4302; 109,28 € ;07/02/2021;Sur
1490;Cuidado personal;2971; 81,73 € ;11/06/2022;Norte
1491;Alimento infantil;2534; 255,28 € ;31/07/2022;Centro
1492;Cuidado personal;965; 81,73 € ;25/08/2021;Sur
1493;Cosméticos;3269; 437,20 € ;31/12/2021;Centro
1494;Frutas;6482; 9,33 € ;23/02/2020;Sur
1495;Material de oficina;4671; 651,21 € ;03/09/2020;Poniente
1496;Cereales;3935; 205,70 € ;23/06/2022;Norte
1497;Snacks;; 152,58 € ;20/10/2020;Centro
1498;Doméstico;239; 668,27 € ;22/08/2022;Sur
1499;Cereales;4633; 205,70 € ;04/05/2022;Norte
1500;Cereales;4808; 205,70 € ;07/09/2020;Centro
1501;Snacks;2021; 152,58 € ;07/04/2020;Sur
1502;Cosméticos;9556; 437,20 € ;18/12/2020;
1503;Frutas;7732; 9,33 € ;11/08/2021;
1504;Doméstico;8896; 668,27 € ;21/11/2021;Norte
1505;Material de oficina;2430; 651,21 € ;11/11/2022;Sur
1506;Alimento infantil;9744; 255,28 € ;04/08/2020;Norte
1507;Cereales;9280; 205,70 € ;08/02/2021;Centro
1508;Frutas;1513; 9,33 € ;04/11/2022;Sur
1509;Snacks;3946; 152,58 € ;06/10/2022;Norte
1510;Frutas;6116; 9,33 € ;10/04/2021;Centro
1511;Bebida;4591; 47,45 € ;28/07/2020;Sur
1512;Snacks;7969; 152,58 € ;09/06/2020;
1513;Verduras;1880; 154,06 € ;14/06/2022;
1514;Verduras;3985; 154,06 € ;07/10/2022;Norte
1515;Bebida;8977; 47,45 € ;18/08/2022;Sur
1516;Snacks;3578; 152,58 € ;26/02/2020;Norte
1517;Cereales;1545; 205,70 € ;02/09/2021;Centro
1518;Frutas;8663; 9,33 € ;08/02/2022;Sur
1519;Frutas;7749; 9,33 € ;11/01/2021;Norte
1520;Verduras;3653; 154,06 € ;25/09/2021;Centro
1521;Verduras;8254; 154,06 € ;16/01/2020;Sur
1522;Material de oficina;5463; 651,21 € ;24/06/2021;Norte
1523;Cosméticos;6222; 437,20 € ;10/07/2021;Centro
1524;Doméstico;3506; 668,27 € ;10/12/2021;Sur
1525;Frutas;7318; 9,33 € ;15/06/2020;Norte
1526;Bebida;9696; 47,45 € ;24/01/2021;Centro
1527;Snacks;9707; 152,58 € ;12/11/2020;Sur
1528;Bebida;8448; 47,45 € ;12/07/2020;Centro
1529;Cereales;4051; 205,70 € ;19/05/2022;Sur
1530;Alimento infantil;6676; 255,28 € ;12/03/2020;Poniente
1531;Doméstico;3516; 668,27 € ;02/09/2021;Norte
1532;Material de oficina;3794; 651,21 € ;30/03/2020;Sur
1533;Cereales;3765; 205,70 € ;19/09/2022;Norte
1534;Bebida;1715; 47,45 € ;05/10/2021;Centro
1535;Doméstico;2963; 668,27 € ;31/10/2020;Sur
1536;Verduras;4855; 154,06 € ;15/09/2020;Norte
1537;Material de oficina;1772; 651,21 € ;22/03/2021;Centro
1538;Bebida;126; 47,45 € ;09/07/2022;Sur
1539;Cereales;3359; 205,70 € ;20/12/2020;
1540;Bebida;6944; 47,45 € ;01/09/2021;
1541;Verduras;3386; 154,06 € ;22/08/2020;Norte
1542;Cosméticos;7221; 437,20 € ;24/03/2022;Sur
1543;Frutas;17; 9,33 € ;19/07/2021;Norte
1544;Verduras;5373; 154,06 € ;18/11/2022;Centro
1545;Alimento infantil;3918; 255,28 € ;14/06/2020;Sur
1546;Snacks;8313; 152,58 € ;29/06/2020;Norte
1547;Verduras;8251; 154,06 € ;29/09/2022;Centro
1548;Snacks;5455; 152,58 € ;07/02/2021;Sur
1549;Ropa;8680; 109,28 € ;19/07/2020;
1550;Cosméticos;8713; 437,20 € ;27/01/2020;
1551;Cárnicos;3371; 421,89 € ;12/01/2021;Norte
1552;Doméstico;2502; 668,27 € ;11/12/2021;Sur
1553;Doméstico;2986; 668,27 € ;17/07/2020;Norte
1554;Cárnicos;3735; 421,89 € ;19/09/2020;Centro
1555;Alimento infantil;-961; 255,28 € ;10/01/2022;Sur
1556;Bebida;1827; 47,45 € ;28/02/2022;Norte
1557;Cereales;2149; 205,70 € ;30/04/2020;Centro
1558;Bebida;8692; 47,45 € ;27/11/2021;Sur
1559;Cereales;5523; 205,70 € ;15/08/2022;
1560;Alimento infantil;8743; 255,28 € ;23/08/2021;
1561;Cosméticos;1479; 437,20 € ;10/07/2022;Norte
1562;Doméstico;8894; 668,27 € ;23/10/2020;Sur
1563;Alimento infantil;3180; 255,28 € ;27/07/2022;Norte
1564;Cereales;8561; 205,70 € ;24/09/2022;Centro
1565;Cereales;6291; 205,70 € ;16/11/2020;Sur
1566;Alimento infantil;9656; 255,28 € ;05/10/2022;Norte
1567;Snacks;8975; 152,58 € ;15/08/2021;Centro
1568;Frutas;6595; 9,33 € ;14/06/2022;Sur
1569;Cosméticos;1896; 437,20 € ;02/01/2021;
1570;Cosméticos;6290; 437,20 € ;26/08/2021;
1571;Bebida;8219; 47,45 € ;12/02/2022;
1572;Snacks;8156; 152,58 € ;23/07/2020;Norte
1573;Cuidado personal;3607; 81,73 € ;29/08/2022;Sur
1574;Frutas;4107; 9,33 € ;30/03/2020;Norte
1575;Material de oficina;6225; 651,21 € ;24/03/2021;Centro
1576;Cereales;8558; 205,70 € ;13/07/2022;Sur
1577;Cárnicos;6736; 421,89 € ;26/09/2022;Norte
1578;Doméstico;8421; 668,27 € ;21/02/2021;Centro
1579;Cuidado personal;8306; 81,73 € ;04/06/2021;Sur
1580;Cereales;3112; 205,70 € ;05/04/2022;
1581;Cosméticos;6597; 437,20 € ;05/11/2020;
1582;Material de oficina;4545; 651,21 € ;07/02/2021;
1583;Cuidado personal;9774; 81,73 € ;18/06/2022;
1584;Cosméticos;7132; 437,20 € ;11/05/2022;Norte
1585;Snacks;8501; 152,58 € ;10/08/2022;Sur
1586;Bebida;7789; 47,45 € ;29/09/2022;Norte
1587;Ropa;5941; 109,28 € ;28/03/2021;Centro
1588;Cuidado personal;5930; 81,73 € ;01/08/2022;Sur
1589;Ropa;7760; 109,28 € ;09/10/2021;Norte
1590;Frutas;3468; 9,33 € ;14/12/2022;Centro
1591;Cosméticos;2121; 437,20 € ;22/03/2020;Sur
1592;Material de oficina;4818; 651,21 € ;07/09/2022;Norte
1593;Alimento infantil;9689; 255,28 € ;25/03/2021;Sur
1594;Doméstico;6894; 668,27 € ;27/06/2021;Norte
1595;Cereales;3626; 205,70 € ;11/01/2022;Centro
1596;Alimento infantil;9109; 255,28 € ;01/06/2022;Sur
1597;Alimento infantil;9598; 255,28 € ;07/08/2020;Norte
1598;Material de oficina;3378; 651,21 € ;28/10/2020;Centro
1599;Snacks;5768; 152,58 € ;01/11/2020;Sur
1600;Cárnicos;4115; 421,89 € ;24/05/2021;
1601;Ropa;2801; 109,28 € ;09/05/2022;Norte
1602;Doméstico;8234; 668,27 € ;06/11/2020;Sur
1603;Cárnicos;3860; 421,89 € ;20/12/2021;Norte
1604;Cereales;-516; 205,70 € ;16/05/2022;Centro
1605;Cuidado personal;4609; 81,73 € ;10/07/2020;Sur
1606;Ropa;6775; 109,28 € ;28/04/2021;Norte
1607;Verduras;3213; 154,06 € ;01/05/2022;Centro
1608;Cereales;7524; 205,70 € ;07/02/2022;Sur
1609;Ropa;336; 109,28 € ;12/11/2020;
1610;Ropa;4311; 109,28 € ;18/09/2021;
1611;Cuidado personal;9142; 81,73 € ;31/08/2021;Norte
1612;Doméstico;6551; 668,27 € ;24/06/2020;Sur
1613;Material de oficina;5294; 651,21 € ;18/09/2022;Norte
1614;Bebida;6157; 47,45 € ;22/01/2022;Centro
1615;Cárnicos;6958; 421,89 € ;16/06/2022;Sur
1616;Cereales;7544; 205,70 € ;12/09/2022;Norte
1617;Snacks;4796; 152,58 € ;29/03/2020;Centro
1618;Cuidado personal;7625; 81,73 € ;22/12/2021;Sur
1619;Frutas;1973; 9,33 € ;25/09/2021;
1620;Cárnicos;5814; 421,89 € ;27/01/2020;Norte
1621;Cosméticos;4153; 437,20 € ;01/12/2021;Sur
1622;Snacks;4026; 152,58 € ;25/01/2021;Norte
1623;Alimento infantil;9501; 255,28 € ;19/12/2021;Centro
1624;Cosméticos;6675; 437,20 € ;05/12/2020;Sur
1625;Doméstico;8679; 668,27 € ;03/07/2021;Norte
1626;Bebida;674; 47,45 € ;04/02/2022;Centro
1627;Cereales;4853; 205,70 € ;12/03/2020;Sur
1628;Frutas;5439; 9,33 € ;11/01/2022;
1629;Cuidado personal;3686; 81,73 € ;10/08/2021;
1630;Cereales;2882; 205,70 € ;23/10/2021;Norte
1631;Cuidado personal;3343; 81,73 € ;11/08/2021;Sur
1632;Alimento infantil;7418; 255,28 € ;29/05/2020;Norte
1633;Cereales;4487; 205,70 € ;07/04/2022;Centro
1634;Cárnicos;5960; 421,89 € ;11/02/2020;Sur
1635;Bebida;282; 47,45 € ;21/05/2020;Norte
1636;Doméstico;7924; 668,27 € ;23/05/2021;Centro
1637;Material de oficina;6393; 651,21 € ;24/10/2022;Sur
1638;Material de oficina;0; 651,21 € ;30/04/2022;
1639;Cereales;983; 205,70 € ;30/12/2021;
1640;Cárnicos;2271; 421,89 € ;18/11/2021;
1641;Snacks;4718; 152,58 € ;13/04/2020;
1642;Cosméticos;5983; 437,20 € ;29/06/2022;
1643;Material de oficina;760; 651,21 € ;22/06/2020;
1644;Cuidado personal;5771; 81,73 € ;17/08/2021;
1645;Cárnicos;4773; 421,89 € ;13/04/2020;Norte
1646;Ropa;3551; 109,28 € ;21/03/2020;Sur
1647;Cosméticos;4923; 437,20 € ;25/02/2021;Norte
1648;Frutas;3737; 9,33 € ;29/03/2020;Centro
1649;Cuidado personal;1872; 81,73 € ;17/04/2022;Sur
1650;Cárnicos;3241; 421,89 € ;15/02/2021;Norte
1651;Cárnicos;8786; 421,89 € ;06/12/2020;Centro
1652;Doméstico;1480; 668,27 € ;25/06/2020;Sur
1653;Material de oficina;1328; 651,21 € ;28/06/2020;
1654;Doméstico;366; 668,27 € ;07/02/2022;
1655;Doméstico;7661; 668,27 € ;01/06/2022;Norte
1656;Cosméticos;4313; 437,20 € ;05/02/2022;Sur
1657;Cosméticos;8451; 437,20 € ;03/05/2020;Norte
1658;;236; 651,21 € ;07/10/2022;Centro
1659;Snacks;6861; 152,58 € ;24/08/2022;Sur
1660;Ropa;7549; 109,28 € ;06/11/2021;Norte
1661;Cereales;8556; 205,70 € ;17/06/2021;Centro
1662;Alimento infantil;8166; 255,28 € ;03/01/2020;Sur
1663;Cosméticos;1698; 437,20 € ;02/02/2021;
1664;Snacks;6501; 152,58 € ;15/03/2022;
1665;Frutas;6954; 9,33 € ;29/09/2020;
1666;Doméstico;9468; 668,27 € ;19/04/2022;
1667;Cereales;7485; 205,70 € ;14/05/2020;
1668;Cuidado personal;6480; 81,73 € ;03/05/2020;
1669;Cereales;8958; 205,70 € ;21/10/2020;Norte
1670;Cárnicos;9453; 421,89 € ;15/07/2020;Sur
1671;Doméstico;9535; 668,27 € ;15/05/2020;Norte
1672;Cereales;2800; 205,70 € ;01/08/2021;Centro
1673;Doméstico;9880; 668,27 € ;26/05/2021;Sur
1674;Snacks;3435; 152,58 € ;02/05/2020;Norte
1675;Cereales;3158; 205,70 € ;05/11/2020;Centro
1676;Ropa;773; 109,28 € ;11/09/2022;Sur
1677;Verduras;5033; 154,06 € ;19/02/2022;Sur
1678;Snacks;6727; 152,58 € ;21/04/2021;Norte
1679;Doméstico;3669; 668,27 € ;11/04/2021;Centro
1680;Ropa;5711; 109,28 € ;16/09/2020;Sur
1681;Cosméticos;9730; 437,20 € ;12/03/2020;Norte
1682;Snacks;4639; 152,58 € ;26/06/2020;Centro
1683;Cuidado personal;6380; 81,73 € ;11/09/2021;Sur
1684;Frutas;2926; 9,33 € ;16/12/2020;
1685;Cárnicos;9283; 421,89 € ;15/08/2020;
1686;Snacks;2486; 152,58 € ;06/05/2020;
1687;Cereales;6603; 205,70 € ;27/07/2021;Norte
1688;Material de oficina;7733; 651,21 € ;02/05/2020;Sur
1689;Material de oficina;9004; 651,21 € ;07/08/2020;Norte
1690;Frutas;5580; 9,33 € ;21/08/2020;Centro
1691;Verduras;0; 154,06 € ;19/10/2020;Sur
1692;Cuidado personal;5441; 81,73 € ;04/08/2021;Norte
1693;Verduras;4206; 154,06 € ;05/08/2022;Centro
1694;Frutas;9232; 9,33 € ;13/02/2021;Sur
1695;Cuidado personal;0; 81,73 € ;09/11/2021;
1696;Bebida;1366; 47,45 € ;05/05/2021;
1697;Frutas;202; 9,33 € ;23/08/2020;Norte
1698;Cereales;8756; 205,70 € ;19/07/2021;Sur
1699;Cereales;5470; 205,70 € ;09/10/2021;Norte
1700;Doméstico;818; 668,27 € ;06/05/2022;Centro
1701;;2304; 421,89 € ;22/03/2020;Sur
1702;Snacks;9464; 152,58 € ;02/09/2021;Norte
1703;Alimento infantil;8867; 255,28 € ;01/03/2020;Centro
1704;Cereales;9110; 205,70 € ;07/05/2021;Sur
1705;Verduras;5824; 154,06 € ;10/12/2020;
1706;Snacks;6669; 152,58 € ;05/02/2021;
1707;Cárnicos;6338; 421,89 € ;03/07/2022;Norte
1708;Frutas;1555; 9,33 € ;09/02/2021;Sur
1709;Alimento infantil;6075; 255,28 € ;11/09/2022;Norte
1710;Frutas;5683; 9,33 € ;16/06/2022;Centro
1711;Bebida;3197; 47,45 € ;28/10/2022;Sur
1712;Cárnicos;3466; 421,89 € ;29/03/2021;Norte
1713;Cárnicos;8369; 421,89 € ;27/03/2022;Centro
1714;Verduras;1818; 154,06 € ;07/10/2022;Sur
1715;Cárnicos;4756; 421,89 € ;18/11/2020;Sur
1716;;154; 255,28 € ;01/07/2021;Norte
1717;Verduras;8020; 154,06 € ;28/04/2022;Centro
1718;Verduras;388; 154,06 € ;05/07/2021;Sur
1719;Verduras;6326; 154,06 € ;24/02/2022;
1720;Alimento infantil;6933; 255,28 € ;18/08/2021;
1721;Cárnicos;339; 421,89 € ;04/06/2022;
1722;Material de oficina;6704; 651,21 € ;09/06/2021;Norte
1723;Doméstico;3221; 668,27 € ;19/05/2020;Sur
1724;Ropa;9115; 109,28 € ;25/05/2021;Norte
1725;Verduras;639; 154,06 € ;08/06/2022;Centro
1726;Snacks;6079; 152,58 € ;21/04/2022;Sur
1727;Ropa;0; 109,28 € ;29/04/2021;Norte
1728;Verduras;2012; 154,06 € ;29/05/2020;Centro
1729;Alimento infantil;4232; 255,28 € ;09/02/2022;Sur
1730;Ropa;3826; 109,28 € ;01/01/2021;
1731;Snacks;4236; 152,58 € ;18/11/2021;
1732;Cosméticos;936; 437,20 € ;01/06/2021;
1733;Ropa;6431; 109,28 € ;15/03/2021;Norte
1734;Material de oficina;5257; 651,21 € ;12/11/2022;Sur
1735;Cereales;8981; 205,70 € ;11/07/2021;Norte
1736;Verduras;1201; 154,06 € ;07/03/2021;Centro
1737;Snacks;2549; 152,58 € ;18/01/2022;Sur
1738;Cereales;5684; 205,70 € ;06/12/2021;Norte
1739;Ropa;300; 109,28 € ;23/02/2020;Centro
1740;Alimento infantil;8119; 255,28 € ;22/04/2022;Sur
1741;Material de oficina;7898; 651,21 € ;26/10/2021;
1742;Alimento infantil;421; 255,28 € ;22/10/2020;Norte
1743;Alimento infantil;3506; 255,28 € ;21/03/2020;Sur
1744;Cuidado personal;7002; 81,73 € ;02/11/2021;Norte
1745;Doméstico;7790; 668,27 € ;16/02/2020;Centro
1746;Frutas;4779; 9,33 € ;10/02/2022;Sur
1747;Cosméticos;3912; 437,20 € ;20/08/2021;Norte
1748;Cereales;3164; 205,70 € ;06/02/2022;Centro
1749;Bebida;7538; 47,45 € ;12/06/2022;Sur
1750;Cosméticos;4071; 437,20 € ;27/09/2022;
1751;Verduras;6830; 154,06 € ;17/04/2021;
1752;Bebida;1915; 47,45 € ;07/11/2022;
1753;Verduras;2454; 154,06 € ;24/10/2022;Norte
1754;Snacks;3610; 152,58 € ;19/04/2022;Sur
1755;Snacks;7573; 152,58 € ;09/07/2021;Norte
1756;Cosméticos;8569; 437,20 € ;07/04/2021;Centro
1757;Cosméticos;7852; 437,20 € ;24/12/2020;Sur
1758;Doméstico;-8707; 668,27 € ;09/09/2020;Norte
1759;Ropa;1454; 109,28 € ;12/05/2022;Centro
1760;Cereales;8439; 205,70 € ;24/05/2022;Sur
1761;Cuidado personal;9043; 81,73 € ;21/02/2022;
1762;Ropa;4677; 109,28 € ;19/05/2020;
1763;Material de oficina;3783; 651,21 € ;01/06/2020;Norte
1764;;6836; 47,45 € ;21/07/2020;Sur
1765;Snacks;1340; 152,58 € ;11/08/2020;Norte
1766;Material de oficina;6830; 651,21 € ;16/02/2021;Centro
1767;Alimento infantil;9876; 255,28 € ;13/06/2021;Sur
1768;Snacks;9074; 152,58 € ;27/01/2021;Norte
1769;Cereales;55; 205,70 € ;09/11/2021;Centro
1770;Doméstico;480; 668,27 € ;08/09/2022;Sur
1771;Ropa;5042; 109,28 € ;06/12/2021;
1772;Cereales;464; 205,70 € ;07/11/2020;
1773;Doméstico;501; 668,27 € ;03/07/2022;Norte
1774;Alimento infantil;940; 255,28 € ;12/12/2021;Sur
1775;;4596; 47,45 € ;22/11/2021;Norte
1776;Bebida;6320; 47,45 € ;11/05/2022;Centro
1777;Doméstico;7991; 668,27 € ;09/06/2022;Sur
1778;Material de oficina;3520; 651,21 € ;11/07/2021;Norte
1779;Doméstico;3850; 668,27 € ;02/02/2021;Centro
1780;Cárnicos;1954; 421,89 € ;19/08/2022;Sur
1781;Material de oficina;7837; 651,21 € ;31/05/2021;Norte
1782;Cosméticos;3535; 437,20 € ;13/01/2021;Sur
1783;;8116; 437,20 € ;10/11/2021;Norte
1784;Cereales;2678; 205,70 € ;03/06/2021;Centro
1785;Alimento infantil;5351; 255,28 € ;27/11/2021;Sur
1786;Cuidado personal;6297; 81,73 € ;14/05/2020;Norte
1787;Ropa;2707; 109,28 € ;14/05/2021;Centro
1788;Bebida;3805; 47,45 € ;23/01/2021;Sur
1789;Snacks;5846; 152,58 € ;22/10/2020;
1790;Snacks;7117; 152,58 € ;10/11/2021;
1791;Cárnicos;2934; 421,89 € ;15/12/2021;Norte
1792;Cereales;647; 205,70 € ;03/08/2021;Sur
1793;Bebida;4635; 47,45 € ;16/11/2020;Norte
1794;Cereales;1309; 205,70 € ;07/09/2022;Centro
1795;Snacks;4112; 152,58 € ;07/07/2020;Sur
1796;Bebida;8517; 47,45 € ;12/08/2022;Norte
1797;Doméstico;7030; 668,27 € ;20/09/2021;Centro
1798;Cuidado personal;4185; 81,73 € ;15/06/2022;Sur
1799;Ropa;1552; 109,28 € ;19/10/2022;
1800;Doméstico;2728; 668,27 € ;12/01/2021;Norte
1801;Cosméticos;8343; 437,20 € ;05/02/2020;Sur
1802;Cuidado personal;1058; 81,73 € ;13/10/2020;Norte
1803;Cuidado personal;566; 81,73 € ;03/06/2022;Centro
1804;Cárnicos;8591; 421,89 € ;06/03/2022;Sur
1805;Doméstico;3887; 668,27 € ;03/10/2021;Norte
1806;Frutas;7240; 9,33 € ;05/06/2020;Centro
1807;Cuidado personal;6468; 81,73 € ;10/04/2022;Sur
1808;Cuidado personal;1419; 81,73 € ;22/03/2020;
1809;Material de oficina;8974; 651,21 € ;15/06/2020;Norte
1810;Snacks;8043; 152,58 € ;31/12/2020;Sur
1811;Bebida;4569; 47,45 € ;21/12/2021;Norte
1812;Frutas;6526; 9,33 € ;02/07/2020;Centro
1813;Cuidado personal;8917; 81,73 € ;01/09/2021;Sur
1814;Cuidado personal;8781; 81,73 € ;23/05/2022;Norte
1815;Ropa;183; 109,28 € ;17/02/2021;Centro
1816;Cuidado personal;9222; 81,73 € ;09/10/2022;Sur
1817;Cárnicos;9029; 421,89 € ;04/06/2022;
1818;Doméstico;4765; 668,27 € ;21/03/2021;
1819;Material de oficina;8621; 651,21 € ;02/07/2022;Norte
1820;;4822; 47,45 € ;23/01/2021;Sur
1821;Frutas;4622; 9,33 € ;15/03/2022;Norte
1822;Frutas;1308; 9,33 € ;17/05/2020;Centro
1823;Cereales;5197; 205,70 € ;14/02/2020;Sur
1824;Material de oficina;8637; 651,21 € ;05/11/2020;Norte
1825;;1008; 205,70 € ;13/01/2021;Centro
1826;Doméstico;-3723; 668,27 € ;11/03/2022;Sur
1827;Alimento infantil;5222; 255,28 € ;06/03/2022;
1828;Verduras;5979; 154,06 € ;17/11/2021;
1829;Frutas;3501; 9,33 € ;03/04/2021;
1830;Cereales;7321; 205,70 € ;05/11/2020;Norte
1831;Frutas;4009; 9,33 € ;17/09/2022;Sur
1832;Snacks;2163; 152,58 € ;01/12/2020;Norte
1833;Alimento infantil;7411; 255,28 € ;03/10/2022;Centro
1834;Ropa;7417; 109,28 € ;22/10/2021;Sur
1835;Frutas;6871; 9,33 € ;22/06/2021;Norte
1836;Cosméticos;2498; 437,20 € ;16/09/2020;Centro
1837;Cárnicos;8053; 421,89 € ;07/06/2022;Sur
1838;Snacks;9321; 152,58 € ;11/09/2021;
1839;Cereales;9121; 205,70 € ;21/03/2021;
1840;Cuidado personal;2300; 81,73 € ;15/11/2020;Norte
1841;Alimento infantil;738; 255,28 € ;03/10/2022;Sur
1842;Cuidado personal;8347; 81,73 € ;16/07/2020;Norte
1843;Alimento infantil;6070; 255,28 € ;01/06/2021;Centro
1844;Frutas;6879; 9,33 € ;28/02/2021;Sur
1845;Doméstico;779; 668,27 € ;15/08/2020;Norte
1846;Frutas;9807; 9,33 € ;24/10/2020;Centro
1847;Cosméticos;3031; 437,20 € ;28/10/2021;Sur
1848;Verduras;1548; 154,06 € ;29/04/2021;
1849;Ropa;3489; 109,28 € ;04/07/2021;
1850;Alimento infantil;9014; 255,28 € ;11/04/2022;Norte
1851;Alimento infantil;5317; 255,28 € ;03/05/2022;Sur
1852;Frutas;1620; 9,33 € ;15/02/2021;Norte
1853;Material de oficina;4179; 651,21 € ;20/04/2022;Centro
1854;Alimento infantil;1280; 255,28 € ;03/09/2021;Sur
1855;Cárnicos;8240; 421,89 € ;26/07/2022;Norte
1856;Alimento infantil;2408; 255,28 € ;02/03/2020;Centro
1857;Alimento infantil;8163; 255,28 € ;13/08/2022;Sur
1858;Cuidado personal;1917; 81,73 € ;06/10/2021;
1859;Bebida;7113; 47,45 € ;28/05/2022;
1860;Bebida;9223; 47,45 € ;17/03/2021;Norte
1861;Doméstico;753; 668,27 € ;09/05/2022;Sur
1862;Bebida;6239; 47,45 € ;27/02/2022;Norte
1863;Cuidado personal;7248; 81,73 € ;30/04/2021;Centro
1864;Frutas;7379; 9,33 € ;01/01/2021;Sur
1865;;7261; 668,27 € ;05/04/2021;Norte
1866;Frutas;9557; 9,33 € ;03/10/2022;Centro
1867;Doméstico;3958; 668,27 € ;03/02/2022;Sur
1868;Cereales;2187; 205,70 € ;01/03/2022;
1869;Cereales;3001; 205,70 € ;23/10/2021;
1870;Ropa;7184; 109,28 € ;02/03/2020;
1871;Verduras;2555; 154,06 € ;02/08/2021;
1872;Snacks;8961; 152,58 € ;02/08/2021;Norte
1873;Verduras;3283; 154,06 € ;05/10/2020;Sur
1874;Doméstico;4433; 668,27 € ;23/02/2020;Norte
1875;Snacks;8351; 152,58 € ;14/04/2022;Centro
1876;Cárnicos;3013; 421,89 € ;18/11/2021;Sur
1877;Material de oficina;3422; 651,21 € ;02/01/2021;Norte
1878;Cosméticos;6615; 437,20 € ;28/02/2022;Centro
1879;Material de oficina;6660; 651,21 € ;24/03/2021;Sur
1880;Material de oficina;9655; 651,21 € ;22/10/2022;
1881;Ropa;8729; 109,28 € ;25/02/2022;
1882;Cuidado personal;9045; 81,73 € ;24/05/2020;
1883;Frutas;2794; 9,33 € ;16/11/2020;
1884;Snacks;4200; 152,58 € ;10/02/2021;Norte
1885;Cárnicos;4517; 421,89 € ;17/12/2020;Sur
1886;Cereales;7033; 205,70 € ;06/03/2020;Norte
1887;Doméstico;2065; 668,27 € ;09/11/2020;Centro
1888;Bebida;1960; 47,45 € ;10/04/2022;Sur
1889;Ropa;6099; 109,28 € ;27/11/2022;Norte
1890;Snacks;5893; 152,58 € ;26/05/2021;Centro
1891;Doméstico;9785; 668,27 € ;14/03/2021;Sur
1892;Bebida;8248; 47,45 € ;18/06/2020;
1893;;8787; 47,45 € ;27/02/2022;
1894;Cereales;937; 205,70 € ;05/09/2020;Norte
1895;Doméstico;1268; 668,27 € ;17/05/2021;Sur
1896;Alimento infantil;8376; 255,28 € ;06/01/2021;Norte
1897;Cereales;7893; 205,70 € ;10/03/2021;Centro
1898;Alimento infantil;7478; 255,28 € ;28/11/2020;Sur
1899;Snacks;1825; 152,58 € ;10/04/2021;Norte
1900;Material de oficina;7657; 651,21 € ;28/10/2020;Centro
1901;Cárnicos;8730; 421,89 € ;12/08/2022;Sur
1902;Bebida;828; 47,45 € ;14/09/2021;
1903;Material de oficina;6770; 651,21 € ;09/07/2020;Norte
1904;Verduras;1404; 154,06 € ;14/05/2022;Sur
1905;Material de oficina;6610; 651,21 € ;01/05/2020;Norte
1906;Alimento infantil;6299; 255,28 € ;02/09/2022;Centro
1907;Cárnicos;1414; 421,89 € ;10/11/2021;Sur
1908;Cereales;4928; 205,70 € ;01/09/2022;Norte
1909;Cereales;6846; 205,70 € ;13/12/2022;Centro
1910;Cárnicos;9205; 421,89 € ;18/09/2020;Sur
1911;Material de oficina;1071; 651,21 € ;18/01/2022;
1912;Snacks;3543; 152,58 € ;08/05/2021;
1913;Cuidado personal;4751; 81,73 € ;23/03/2021;
1914;Cárnicos;4857; 421,89 € ;09/06/2021;Norte
1915;Material de oficina;1052; 651,21 € ;14/09/2020;Sur
1916;Ropa;2560; 109,28 € ;01/03/2021;Norte
1917;Verduras;5637; 154,06 € ;19/01/2021;Centro
1918;Material de oficina;8568; 651,21 € ;09/08/2021;Sur
1919;Cuidado personal;6670; 81,73 € ;18/09/2020;Norte
1920;Cereales;7293; 205,70 € ;21/09/2021;Centro
1921;Verduras;4816; 154,06 € ;04/10/2021;Sur
1922;Verduras;5651; 154,06 € ;16/12/2020;
1923;Frutas;3239; 9,33 € ;01/06/2021;
1924;Cereales;3054; 205,70 € ;12/10/2022;
1925;Bebida;7601; 47,45 € ;11/07/2020;
1926;Cárnicos;1417; 421,89 € ;14/02/2022;Norte
1927;Cuidado personal;6069; 81,73 € ;13/02/2020;Sur
1928;Alimento infantil;5155; 255,28 € ;03/02/2021;Norte
1929;Verduras;9305; 154,06 € ;16/07/2022;Centro
1930;Cereales;1181; 205,70 € ;26/12/2021;Sur
1931;Snacks;474; 152,58 € ;09/01/2022;Norte
1932;Bebida;8909; 47,45 € ;09/04/2022;Centro
1933;Ropa;5240; 109,28 € ;25/12/2021;Sur
1934;Material de oficina;253; 651,21 € ;29/02/2020;Norte
1935;Frutas;1766; 9,33 € ;06/01/2021;Sur
1936;Cosméticos;9628; 437,20 € ;07/05/2020;Norte
1937;Material de oficina;718; 651,21 € ;19/06/2021;Centro
1938;Doméstico;3947; 668,27 € ;06/04/2022;Sur
1939;Alimento infantil;5258; 255,28 € ;10/11/2022;Norte
1940;Alimento infantil;2625; 255,28 € ;29/08/2020;Centro
1941;Cárnicos;1052; 421,89 € ;07/08/2020;Sur
1942;Alimento infantil;7575; 255,28 € ;10/03/2022;
1943;Frutas;6263; 9,33 € ;09/06/2021;
1944;Cárnicos;3212; 421,89 € ;07/02/2020;Norte
1945;Frutas;1554; 9,33 € ;01/01/2022;Sur
1946;Ropa;6450; 109,28 € ;19/07/2022;Norte
1947;Verduras;91; 154,06 € ;03/02/2022;Centro
1948;Bebida;6702; 47,45 € ;13/04/2021;Sur
1949;Bebida;7538; 47,45 € ;23/07/2022;Norte
1950;Alimento infantil;5884; 255,28 € ;27/03/2020;Centro
1951;;2058; 154,06 € ;07/11/2021;Sur
1952;Cuidado personal;8408; 81,73 € ;05/02/2021;
1953;Doméstico;4315; 668,27 € ;05/03/2022;
1954;Cereales;1189; 205,70 € ;22/09/2020;
1955;Cuidado personal;7473; 81,73 € ;02/05/2020;Norte
1956;Doméstico;3641; 668,27 € ;01/03/2022;Sur
1957;Ropa;7198; 109,28 € ;25/04/2020;Norte
1958;;7678; 437,20 € ;08/10/2020;Centro
1959;Verduras;1651; 154,06 € ;16/04/2020;Sur
1960;Verduras;7715; 154,06 € ;26/03/2021;Norte
1961;Material de oficina;1499; 651,21 € ;17/06/2022;Centro
1962;Cárnicos;664; 421,89 € ;07/04/2020;Sur
1963;Doméstico;9904; 668,27 € ;12/03/2021;Norte
1964;Snacks;5941; 152,58 € ;21/01/2021;Centro
1965;Ropa;2531; 109,28 € ;01/12/2022;Sur
1966;;5460; 437,20 € ;08/09/2021;
1967;Bebida;7544; 47,45 € ;21/03/2020;
1968;Verduras;3633; 154,06 € ;03/04/2021;
1969;Cosméticos;5607; 437,20 € ;09/01/2021;Norte
1970;Cuidado personal;7376; 81,73 € ;23/01/2022;Sur
1971;Frutas;9884; 9,33 € ;24/07/2022;Norte
1972;Cosméticos;6103; 437,20 € ;29/07/2021;Centro
1973;Doméstico;6039; 668,27 € ;14/07/2022;Sur
1974;Bebida;1727; 47,45 € ;14/11/2020;Norte
1975;;2236; 152,58 € ;23/05/2022;Centro
1976;Material de oficina;8663; 651,21 € ;09/10/2021;Sur
1977;Doméstico;9139; 668,27 € ;14/03/2021;Norte
1978;Frutas;3824; 9,33 € ;10/11/2020;Sur
1979;Alimento infantil;9912; 255,28 € ;09/03/2022;Norte
1980;Cárnicos;6626; 421,89 € ;18/06/2021;Centro
1981;Verduras;220; 154,06 € ;11/10/2022;Sur
1982;Bebida;8981; 47,45 € ;16/10/2021;Norte
1983;Bebida;8226; 47,45 € ;12/09/2021;Centro
1984;Material de oficina;5304; 651,21 € ;16/07/2020;Sur
1985;;4594; 152,58 € ;05/01/2021;Centro
1986;Cosméticos;2509; 437,20 € ;31/05/2020;Sur
1987;Ropa;2489; 109,28 € ;26/10/2020;Norte
1988;Cárnicos;10; 421,89 € ;11/08/2021;Centro
1989;Verduras;7575; 154,06 € ;14/07/2021;Sur
1990;Cosméticos;9721; 437,20 € ;05/05/2022;
1991;Snacks;8015; 152,58 € ;20/11/2021;Norte
1992;Bebida;6056; 47,45 € ;09/06/2021;Sur
1993;Frutas;4474; 9,33 € ;30/01/2021;Norte
1994;Cosméticos;5930; 437,20 € ;22/06/2021;Centro
1995;Frutas;115; 9,33 € ;06/12/2021;Sur
1996;;8755; 47,45 € ;19/08/2022;Norte
1997;Cuidado personal;604; 81,73 € ;01/06/2022;Centro
1998;Frutas;6447; 9,33 € ;31/05/2020;Sur
1999;Verduras;4103; 154,06 € ;15/09/2020;Centro
2000;Ropa;3420; 109,28 € ;01/02/2022;Sur
